name,sites
1109: Fundamental Programming Concepts,"[{' CR': 'https://classes.cornell.edu/browse/roster/SU20/class/CS/1109', 'Summer 19': 'http://www.cs.cornell.edu/courses/CS1109/2019su/'}]"
1110: Introduction to Computing Using Python,"[{' CR': 'https://classes.cornell.edu/browse/roster/SP22/class/CS/1110', 'Fall 21': 'http://www.cs.cornell.edu/courses/CS1110/2021fa/'}]"
1112: Introduction to Computing Using MATLAB,"[{'Spring 21': 'http://www.cs.cornell.edu/courses/CS1112/2021sp/', ' CR': 'https://classes.cornell.edu/browse/roster/SP22/class/CS/1112', 'Fall 21': 'http://www.cs.cornell.edu/courses/CS1112/2021fa/'}]"
1132: Short Course in MATLAB,"[{'Spring 21': 'http://www.cs.cornell.edu/courses/CS1132/2021sp/', ' CR': 'https://classes.cornell.edu/browse/roster/SP22/class/CS/1132', 'Fall 21': 'http://www.cs.cornell.edu/courses/CS1132/2021fa/'}]"
1133: Short Course in Python,[{' CR': 'https://classes.cornell.edu/browse/roster/SP22/class/CS/1133'}]
1300: Introductory Design and Programming for the Web,"[{' CR': 'https://classes.cornell.edu/browse/roster/SP22/class/CS/1300', 'Fall 21': 'http://www.cs.cornell.edu/courses/CS1300/2021fa/'}]"
1340: Choices and Consequences in Computing,"[{'Spring 21': 'http://www.cs.cornell.edu/courses/CS1340/2021sp/', ' CR': 'https://classes.cornell.edu/browse/roster/SP22/class/CS/1340'}]"
1380: Data Science for All,"[{'Spring 20': 'http://www.cs.cornell.edu/courses/CS1380/2020sp/', ' CR': 'https://classes.cornell.edu/browse/roster/SP22/class/CS/1380', 'Spring 21': 'http://www.cs.cornell.edu/courses/CS1380/2021sp/'}]"
1610: Computing in the Arts,[{' CR': 'https://classes.cornell.edu/browse/roster/SU21/class/CS/1610'}]
1620: Visual Imaging in the Electronic Age,"[{'Fall 19': 'https://www.graphics.cornell.edu/sites/default/files/inline-files/Revised%20Visual%20Imaging%20Web%20Article%204.2_0.pdf', ' CR': 'https://classes.cornell.edu/browse/roster/FA21/class/CS/1620', 'Fall 20': 'http://www.cs.cornell.edu/courses/CS1620/2020fa/', 'Fall 21': 'http://www.cs.cornell.edu/courses/CS1620/2021fa/'}]"
1710: Introduction to Cognitive Science,[{' CR': 'https://classes.cornell.edu/browse/roster/SP22/class/CS/1710'}]
1998: Freshmen and Nontechnical Team Projects,[{' CR': 'https://classes.cornell.edu/browse/roster/SP22/class/CS/1998'}]
2024: C++ Programming,"[{'Fall 19': 'http://www.cs.cornell.edu/courses/CS2024/2019fa/', ' CR': 'https://classes.cornell.edu/browse/roster/FA21/class/CS/2024', 'Fall 20': 'http://www.cs.cornell.edu/courses/CS2024/2020fa/', 'Fall 21': 'http://www.cs.cornell.edu/courses/CS2024/2021fa/'}]"
2043: UNIX Tools and Scripting,"[{'Spring 20': 'http://www.cs.cornell.edu/courses/CS2043/2020sp/', ' CR': 'https://classes.cornell.edu/browse/roster/SP22/class/CS/2043', 'Spring 21': 'http://www.cs.cornell.edu/courses/CS2043/2021sp/'}]"
2110: Object-Oriented Programming and Data Structures,"[{' CR': 'https://classes.cornell.edu/browse/roster/SP22/class/CS/2110', 'Fall 21': 'http://www.cs.cornell.edu/courses/CS2110/2021fa/'}]"
2111: Programming Practicum,"[{'Spring 21': 'http://www.cs.cornell.edu/courses/CS2111/2021sp/', ' CR': 'https://classes.cornell.edu/browse/roster/SP22/class/CS/2111'}]"
2112: Object-Oriented Design and Data Structures - Honors,"[{'Fall 19': 'http://www.cs.cornell.edu/courses/CS2112/2019fa/', ' CR': 'https://classes.cornell.edu/browse/roster/FA21/class/CS/2112', 'Fall 20': 'http://www.cs.cornell.edu/courses/CS2112/2020fa/', 'Fall 21': 'http://www.cs.cornell.edu/courses/CS2112/2021fa/'}]"
2300: Intermediate Design and Programming for the Web,"[{'Spring 20': 'http://www.cs.cornell.edu/courses/CS2300/2020sp/', ' CR': 'https://classes.cornell.edu/browse/roster/SP22/class/CS/2300'}]"
2382: Urban Analytics,[{' CR': 'https://classes.cornell.edu/browse/roster/FA20/class/CS/2382'}]
2770: Excursions in Computational Sustainability,[{' CR': 'https://classes.cornell.edu/browse/roster/SP21/class/CS/2770'}]
2800: Discrete Structures,[{' CR': 'https://classes.cornell.edu/browse/roster/SP22/class/CS/2800'}]
2802: Discrete Structures - Honors,"[{'Spring 19': 'http://www.cs.cornell.edu/courses/CS2802/2019sp/', ' CR': 'https://classes.cornell.edu/browse/roster/FA20/class/CS/2802', 'Spring 20': 'http://www.cs.cornell.edu/courses/CS2802/2020sp/', 'Fall 20': 'http://www.cs.cornell.edu/courses/CS2802/2020fa/'}]"
2850: Networks,"[{'Fall 19': 'http://www.cs.cornell.edu/courses/CS2850/2019fa/', ' CR': 'https://classes.cornell.edu/browse/roster/FA21/class/CS/2850', 'Fall 21': 'http://www.cs.cornell.edu/courses/CS2850/2021fa/'}]"
3110: Data Structures and Functional Programming,"[{'Spring 21': 'http://www.cs.cornell.edu/courses/CS3110/2021sp/', ' CR': 'https://classes.cornell.edu/browse/roster/SP22/class/CS/3110', 'Fall 21': 'http://www.cs.cornell.edu/courses/CS3110/2021fa/'}]"
3152: Introduction to Computer Game Architecture,"[{'Spring 20': 'http://www.cs.cornell.edu/courses/CS3152/2020sp/', ' CR': 'https://classes.cornell.edu/browse/roster/SP22/class/CS/3152', 'Spring 21': 'http://www.cs.cornell.edu/courses/CS3152/2021sp/'}]"
3220: Computational Mathematics for Computer Science,"[{'Fall 19': 'http://www.cs.cornell.edu/courses/CS3220/2019fa/', ' CR': 'https://classes.cornell.edu/browse/roster/FA21/class/CS/3220', 'Fall 20': 'http://www.cs.cornell.edu/courses/CS3220/2020fa/', 'Fall 21': 'http://www.cs.cornell.edu/courses/CS3220/2021fa/'}]"
3300: Data-Driven Web Applications,"[{'Spring 20': 'http://www.cs.cornell.edu/courses/CS3300/2020sp/', ' CR': 'https://classes.cornell.edu/browse/roster/FA21/class/CS/3300', 'Fall 21': 'http://www.cs.cornell.edu/courses/CS3300/2021fa/'}]"
3410: Computer System Organization and Programming,"[{'Spring 21': 'http://www.cs.cornell.edu/courses/CS3410/2021sp/', ' CR': 'https://classes.cornell.edu/browse/roster/SP22/class/CS/3410', 'Fall 21': 'http://www.cs.cornell.edu/courses/CS3410/2021fa/'}]"
3420: Embedded Systems,"[{' CR': 'https://classes.cornell.edu/browse/roster/SP22/class/CS/3420', 'Spring 21': 'http://www.cs.cornell.edu/courses/CS3420/2021sp/'}]"
3758: Autonomous Mobile Robots,[{' CR': 'https://classes.cornell.edu/browse/roster/SP22/class/CS/3758'}]
4090: Teaching Experience in Computer Science,[{' CR': 'https://classes.cornell.edu/browse/roster/SP22/class/CS/4090'}]
4110: Programming Languages and Logics,"[{'Fall 18': 'http://www.cs.cornell.edu/courses/CS4110/2018fa/', ' CR': 'https://classes.cornell.edu/browse/roster/FA21/class/CS/4110', 'Fall 20': 'http://www.cs.cornell.edu/courses/CS4110/2020fa/', 'Fall 21': 'http://www.cs.cornell.edu/courses/CS4110/2021fa/'}]"
4120: Introduction to Compilers,"[{'Spring 20': 'http://www.cs.cornell.edu/courses/CS4120/2020sp/', ' CR': 'https://classes.cornell.edu/browse/roster/SP22/class/CS/4120', 'Spring 21': 'http://www.cs.cornell.edu/courses/CS4120/2021sp/'}]"
4121: Practicum in Compilers,"[{'Spring 20': 'http://www.cs.cornell.edu/courses/CS4121/2020sp/', ' CR': 'https://classes.cornell.edu/browse/roster/SP22/class/CS/4121', 'Spring 21': 'http://www.cs.cornell.edu/courses/CS4121/2021sp/'}]"
4152: Advanced Topics in Computer Game Architecture,"[{'Spring 20': 'http://www.cs.cornell.edu/courses/CS4152/2020sp/', ' CR': 'https://classes.cornell.edu/browse/roster/SP22/class/CS/4152', 'Spring 21': 'http://www.cs.cornell.edu/courses/CS4152/2021sp/'}]"
4160: Formal Verification,"[{'Spring 19': 'http://www.cs.cornell.edu/courses/CS4160/2019sp/', ' CR': 'https://classes.cornell.edu/browse/roster/SP22/class/CS/4160', 'Spring 20': 'http://www.cs.cornell.edu/courses/CS4160/2020sp/'}]"
4210: Numerical Analysis and Differential Equations,[{' CR': 'https://classes.cornell.edu/browse/roster/FA21/class/CS/4210'}]
4220: Numerical Analysis: Linear and Nonlinear Problems,"[{'Spring 21': 'http://www.cs.cornell.edu/courses/CS4220/2021sp/', ' CR': 'https://classes.cornell.edu/browse/roster/SP22/class/CS/4220'}]"
4300: Language and Information,"[{'Spring 20': 'http://www.cs.cornell.edu/courses/CS4300/2020sp/', ' CR': 'https://classes.cornell.edu/browse/roster/SP21/class/CS/4300', 'Spring 21': 'http://www.cs.cornell.edu/courses/CS4300/2021sp/'}]"
4320: Introduction to Database Systems,"[{'Fall 19': 'http://www.cs.cornell.edu/courses/CS4320/2019fa/', ' CR': 'https://classes.cornell.edu/browse/roster/FA21/class/CS/4320', 'Fall 20': 'http://www.cs.cornell.edu/courses/CS4320/2020fa/', 'Fall 21': 'http://www.cs.cornell.edu/courses/CS4320/2021fa/'}]"
4321: Practicum in Database Systems,"[{'Fall 18': 'http://www.cs.cornell.edu/courses/CS4321/2018fa/', ' CR': 'https://classes.cornell.edu/browse/roster/FA20/class/CS/4321', 'Fall 19': 'http://www.cs.cornell.edu/courses/CS4321/2019fa/', 'Fall 20': 'http://www.cs.cornell.edu/courses/CS4321/2020fa/'}]"
4410: Operating Systems,"[{'Spring 21': 'http://www.cs.cornell.edu/courses/CS4410/2021sp/', ' CR': 'https://classes.cornell.edu/browse/roster/SP22/class/CS/4410', 'Fall 21': 'http://www.cs.cornell.edu/courses/CS4410/2021fa/'}]"
4411: Practicum in Operating Systems,"[{'Spring 21': 'http://www.cs.cornell.edu/courses/CS4411/2021sp/', ' CR': 'https://classes.cornell.edu/browse/roster/SP22/class/CS/4411', 'Fall 21': 'http://www.cs.cornell.edu/courses/CS4411/2021fa/'}]"
4414: Systems Programming,"[{'Fall 20': 'http://www.cs.cornell.edu/courses/cs4414/2020fa/', ' CR': 'https://classes.cornell.edu/browse/roster/FA21/class/CS/4414', 'Fall 21': 'http://www.cs.cornell.edu/courses/CS4414/2021fa/'}]"
4420: Computer Architecture,"[{'Fall 19': 'http://www.cs.cornell.edu/courses/CS4420/2019fa/', ' CR': 'https://classes.cornell.edu/browse/roster/FA21/class/CS/4420', 'Fall 20': 'http://www.cs.cornell.edu/courses/CS4420/2020fa/', 'Fall 21': 'http://www.cs.cornell.edu/courses/CS4420/2021fa/'}]"
4450: Introduction to Computer Networks,"[{'Spring 19': 'http://www.cs.cornell.edu/courses/CS4450/2019sp/', ' CR': 'https://classes.cornell.edu/browse/roster/SP21/class/CS/4450', 'Spring 20': 'http://www.cs.cornell.edu/courses/CS4450/2020sp/', 'Spring 21': 'http://www.cs.cornell.edu/courses/CS4450/2021sp/'}]"
4620: Introduction to Computer Graphics,"[{'Fall 19': 'http://www.cs.cornell.edu/courses/CS4620/2019fa/', ' CR': 'https://classes.cornell.edu/browse/roster/FA21/class/CS/4620', 'Fall 20': 'http://www.cs.cornell.edu/courses/CS4620/2020fa/', 'Fall 21': 'http://www.cs.cornell.edu/courses/CS4620/2021fa/'}]"
4621: Computer Graphics Practicum,"[{'Fall 19': 'http://www.cs.cornell.edu/courses/CS4621/2019fa/', ' CR': 'https://classes.cornell.edu/browse/roster/FA21/class/CS/4621'}]"
4670: Introduction to Computer Vision,"[{'Spring 20': 'http://www.cs.cornell.edu/courses/CS4670/2020sp/', ' CR': 'https://classes.cornell.edu/browse/roster/SP22/class/CS/4670', 'Spring 21': 'http://www.cs.cornell.edu/courses/CS4670/2021sp/'}]"
4700: Foundations of Artificial Intelligence,"[{'Spring 21': 'http://www.cs.cornell.edu/courses/CS4700/2021sp/', ' CR': 'https://classes.cornell.edu/browse/roster/SP22/class/CS/4700', 'Fall 21': 'http://www.cs.cornell.edu/courses/CS4700/2021fa/'}]"
4701: Practicum in Artificial Intelligence,"[{'Spring 21': 'http://www.cs.cornell.edu/courses/CS4701/2021sp/', ' CR': 'https://classes.cornell.edu/browse/roster/SP22/class/CS/4701', 'Fall 21': 'http://www.cs.cornell.edu/courses/CS4701/2021fa/'}]"
4740: Natural Language Processing,"[{'Fall 19': 'http://www.cs.cornell.edu/courses/CS4740/2019fa/', ' CR': 'https://classes.cornell.edu/browse/roster/FA21/class/CS/4740', 'Fall 20': 'http://www.cs.cornell.edu/courses/CS4740/2020fa/'}]"
4744: Computational Linguistics,[{' CR': 'https://classes.cornell.edu/browse/roster/SP22/class/CS/4744'}]
4750: Foundations of Robotics,"[{'Fall 18': 'http://www.cs.cornell.edu/courses/CS4750/2018fa/', ' CR': 'https://classes.cornell.edu/browse/roster/FA21/class/CS/4750', 'Fall 19': 'http://www.cs.cornell.edu/courses/CS4750/2019fa/'}]"
4754: Re-Designing Robots,[{' CR': 'https://classes.cornell.edu/browse/roster/FA21/class/CS/4754'}]
4758: Autonomous Mobile Robots,[{' CR': 'https://classes.cornell.edu/browse/roster/SP22/class/CS/4758'}]
4775: Computational Genetics and Genomics,[{' CR': 'https://classes.cornell.edu/browse/roster/FA20/class/CS/4775'}]
4780: Introduction to Machine Learning,"[{'Spring 21': 'http://www.cs.cornell.edu/courses/CS4780/2021sp/', ' CR': 'https://classes.cornell.edu/browse/roster/SP22/class/CS/4780', 'Fall 21': 'http://www.cs.cornell.edu/courses/CS4780/2021fa/'}]"
4783: Mathematical Foundations of Machine Learning,[{' CR': 'https://classes.cornell.edu/browse/roster/SP22/class/CS/4783'}]
4786: Machine Learning for Data Science,"[{'Fall 17': 'http://www.cs.cornell.edu/courses/CS4786/2017fa/', ' CR': 'https://classes.cornell.edu/browse/roster/SP20/class/CS/4786', 'Spring 19': 'http://www.cs.cornell.edu/courses/CS4786/2019sp/', 'Spring 20': 'http://www.cs.cornell.edu/courses/CS4786/2020sp/'}]"
4787: Principles of Large-Scale Machine Learning Systems,"[{'Spring 19': 'http://www.cs.cornell.edu/courses/CS4787/2019sp/', ' CR': 'https://classes.cornell.edu/browse/roster/SP21/class/CS/4787', 'Spring 20': 'http://www.cs.cornell.edu/courses/CS4787/2020sp/', 'Spring 21': 'http://www.cs.cornell.edu/courses/CS4787/2021sp/'}]"
4789: Introduction to Reinforcement Learning,[{' CR': 'https://classes.cornell.edu/browse/roster/SP22/class/CS/4789'}]
4810: Introduction to Theory of Computing,"[{'Fall 18': 'http://www.cs.cornell.edu/courses/CS4810/2018fa/', ' CR': 'https://classes.cornell.edu/browse/roster/SP22/class/CS/4810', 'Fall 19': 'http://www.cs.cornell.edu/courses/CS4810/2019fa/', 'Spring 22': 'http://www.cs.cornell.edu/courses/CS4810/2022sp/'}]"
4812: Quantum Information Processing,"[{'Fall 18': 'http://www.cs.cornell.edu/courses/CS4812/2018fa/', ' CR': 'https://classes.cornell.edu/browse/roster/FA21/class/CS/4812', 'Fall 20': 'http://www.cs.cornell.edu/courses/CS4812/2020fa/', 'Fall 21': 'http://www.cs.cornell.edu/courses/CS4812/2021fa/'}]"
4814: Introduction to Computational Complexity,"[{'Spring 20': 'http://www.cs.cornell.edu/courses/CS4814/2020sp/', ' CR': 'https://classes.cornell.edu/browse/roster/SP21/class/CS/4814', 'Spring 21': 'http://www.cs.cornell.edu/courses/CS4814/2021sp/'}]"
4820: Introduction to Analysis of Algorithms,[{' CR': 'https://classes.cornell.edu/browse/roster/SP22/class/CS/4820'}]
4830: Introduction to Cryptography,"[{'Spring 17': 'https://cs4830-sp17.jimdo.com/', ' CR': 'https://classes.cornell.edu/browse/roster/SP22/class/CS/4830'}]"
4850: Mathematical Foundations for the Information Age,"[{'Spring 19': 'http://www.cs.cornell.edu/courses/CS4850/2019sp/', ' CR': 'https://classes.cornell.edu/browse/roster/SP22/class/CS/4850', 'Spring 20': 'http://www.cs.cornell.edu/courses/CS4850/2020sp/'}]"
4852: Networks II: Market Design,[{' CR': 'https://classes.cornell.edu/browse/roster/SP22/class/CS/4852'}]
4860: Applied Logic,"[{'Fall 19': 'http://www.cs.cornell.edu/courses/CS4860/2019fa/', ' CR': 'https://classes.cornell.edu/browse/roster/FA21/class/CS/4860', 'Fall 20': 'http://www.cs.cornell.edu/courses/CS4860/2020fa/', 'Fall 21': 'http://www.cs.cornell.edu/courses/CS4860/2021fa/'}]"
4990: International Research Internship,[{' CR': 'https://classes.cornell.edu/browse/roster/SP21/class/CS/4990'}]
4997: Practical Training in Computer Science,[{' CR': 'https://classes.cornell.edu/browse/roster/SP22/class/CS/4997'}]
4998: Team Projects,[{' CR': 'https://classes.cornell.edu/browse/roster/SP22/class/CS/4998'}]
4999: Independent Reading and Research,[{' CR': 'https://classes.cornell.edu/browse/roster/SP22/class/CS/4999'}]
"5094: Introduction to Blockchains, Cryptocurrencies, and Smart Contracts",[{' CR': 'https://classes.cornell.edu/browse/roster/SP18/class/CS/5094'}]
5110: Programming Languages and Logics,"[{'Fall 18': 'https://www.cs.cornell.edu/courses/cs4110/2018fa/', ' CR': 'https://classes.cornell.edu/browse/roster/FA21/class/CS/5110', 'Fall 20': 'https://www.cs.cornell.edu/courses/cs4110/2020fa/', 'Fall 21': 'http://www.cs.cornell.edu/courses/CS5110/2021fa/'}]"
5112: Algorithms and Data Structures for Applications,"[{'Fall 20': 'http://www.cs.cornell.edu/courses/CS5112/2020fa/', ' CR': 'https://classes.cornell.edu/browse/roster/FA21/class/CS/5112'}]"
5114: Software-Defined Networking,"[{'Fall 19': 'http://www.cs.cornell.edu/courses/CS5114/2019fa/', ' CR': 'https://classes.cornell.edu/browse/roster/FA21/class/CS/5114', 'Spring 21': 'http://www.cs.cornell.edu/courses/CS5114/2021sp/', 'Fall 21': 'http://www.cs.cornell.edu/courses/CS5114/2021fa/'}]"
5120: Introduction to Compilers,"[{'Spring 20': 'http://www.cs.cornell.edu/courses/CS5120/2020sp/', ' CR': 'https://classes.cornell.edu/browse/roster/SP22/class/CS/5120', 'Spring 21': 'http://www.cs.cornell.edu/courses/CS5120/2021sp/'}]"
5121: Practicum in Compilers,"[{'Spring 20': 'http://www.cs.cornell.edu/courses/CS5121/2020sp/', ' CR': 'https://classes.cornell.edu/browse/roster/SP22/class/CS/5121', 'Spring 21': 'http://www.cs.cornell.edu/courses/CS5121/2021sp/'}]"
5135: Computational Integer Programming,[{' CR': 'https://classes.cornell.edu/browse/roster/SP22/class/CS/5135'}]
5150: Software Engineering,"[{'Spring 19': 'http://www.cs.cornell.edu/courses/CS5150/2019sp/', ' CR': 'https://classes.cornell.edu/browse/roster/SP22/class/CS/5150', 'Spring 20': 'http://www.cs.cornell.edu/courses/CS5150/2020sp/'}]"
5152: Advanced Topics in Computer Game Architecture,"[{'Spring 19': 'http://www.cs.cornell.edu/courses/CS5152/2019sp/', ' CR': 'https://classes.cornell.edu/browse/roster/SP22/class/CS/5152', 'Fall 19': 'http://www.cs.cornell.edu/courses/CS5152/2019fa/'}]"
5154: Software Testing,"[{'Spring 21': 'http://www.cs.cornell.edu/courses/CS5154/2021sp/', ' CR': 'https://classes.cornell.edu/browse/roster/FA21/class/CS/5154', 'Fall 21': 'http://www.cs.cornell.edu/courses/CS5154/2021fa/'}]"
5160: Formal Verification,[{' CR': 'https://classes.cornell.edu/browse/roster/SP22/class/CS/5160'}]
5199: Competition Programming and Problem Solving Seminar,"[{'Spring 19': 'http://www.cs.cornell.edu/courses/CS5199/2019sp/', ' CR': 'https://classes.cornell.edu/browse/roster/SP20/class/CS/5199', 'Fall 19': 'http://www.cs.cornell.edu/courses/CS5199/2019fa/', 'Spring 20': 'http://www.cs.cornell.edu/courses/CS5199/2020sp/'}]"
5220: Applications of Parallel Computers,"[{'Fall 17': 'http://www.cs.cornell.edu/courses/CS5220/2017fa/', ' CR': 'https://classes.cornell.edu/browse/roster/FA20/class/CS/5220', 'Fall 20': 'http://www.cs.cornell.edu/courses/CS5220/2020fa/'}]"
5223: Numerical Analysis: Linear and Nonlinear Problems,[{' CR': 'https://classes.cornell.edu/browse/roster/SP22/class/CS/5223'}]
5304: Data Science in the Wild,"[{' CR': 'https://classes.cornell.edu/browse/roster/SP22/class/CS/5304', 'Fall 20': 'http://www.cs.cornell.edu/courses/CS5304/2020fa/'}]"
5306: Crowdsourcing and Human Computation,"[{'Fall 18': 'http://www.cs.cornell.edu/courses/CS5306/2018fa/', ' CR': 'https://classes.cornell.edu/browse/roster/FA21/class/CS/5306', 'Fall 19': 'http://www.cs.cornell.edu/courses/CS5306/2019fa/'}]"
5320: Introduction to Database Systems,"[{'Fall 19': 'http://www.cs.cornell.edu/courses/CS5320/2019fa/', ' CR': 'https://classes.cornell.edu/browse/roster/FA21/class/CS/5320', 'Fall 20': 'http://www.cs.cornell.edu/courses/CS5320/2020fa/', 'Fall 21': 'http://www.cs.cornell.edu/courses/CS5320/2021fa/'}]"
5321: Practicum in Database Systems,"[{'Fall 18': 'http://www.cs.cornell.edu/courses/cs4321/2018fa/', ' CR': 'https://classes.cornell.edu/browse/roster/FA20/class/CS/5321', 'Fall 19': 'http://www.cs.cornell.edu/courses/CS5321/2019fa/', 'Fall 20': 'http://www.cs.cornell.edu/courses/CS5321/2020fa/'}]"
5356: Building Startup Systems,[{' CR': 'https://classes.cornell.edu/browse/roster/SP22/class/CS/5356'}]
5410: Operating Systems,"[{'Fall 21': 'http://www.cs.cornell.edu/courses/CS5410/2021fa/', ' CR': 'https://classes.cornell.edu/browse/roster/SP22/class/CS/5410'}]"
5411: Practicum in Operating Systems,"[{'Fall 21': 'http://www.cs.cornell.edu/courses/CS5411/2021fa/', ' CR': 'https://classes.cornell.edu/browse/roster/SP22/class/CS/5411'}]"
5412: Cloud Computing,"[{'Spring 21': 'http://www.cs.cornell.edu/courses/CS5412/2021sp/', ' CR': 'https://classes.cornell.edu/browse/roster/SP22/class/CS/5412'}]"
5414: Distributed Computing Principles,"[{'Fall 18': 'http://www.cs.cornell.edu/courses/CS5414/2018fa/', ' CR': 'https://classes.cornell.edu/browse/roster/FA20/class/CS/5414', 'Fall 19': 'http://www.cs.cornell.edu/courses/CS5414/2019fa/', 'Fall 20': 'http://www.cs.cornell.edu/courses/CS5414/2020fa/'}]"
5420: Advanced Computer Architecture,[{' CR': 'https://classes.cornell.edu/browse/roster/FA21/class/CS/5420'}]
5424: Developing and Designing Interactive Devices,[{' CR': 'https://classes.cornell.edu/browse/roster/FA21/class/CS/5424'}]
5430: System Security,"[{'Spring 20': 'http://www.cs.cornell.edu/courses/CS5430/2020sp/', ' CR': 'https://classes.cornell.edu/browse/roster/FA21/class/CS/5430', 'Fall 20': 'http://www.cs.cornell.edu/courses/CS5430/2020fa/', 'Fall 21': 'http://www.cs.cornell.edu/courses/CS5430/2021fa/'}]"
5431: Practicum in System Security,"[{'Spring 17': 'http://www.cs.cornell.edu/courses/CS5431/2017sp/', ' CR': 'https://classes.cornell.edu/browse/roster/SP19/class/CS/5431'}]"
5432: Advanced System Security,"[{'Spring 21': 'http://www.cs.cornell.edu/courses/CS5432/2021sp/', ' CR': 'https://classes.cornell.edu/browse/roster/SP21/class/CS/5432'}]"
"5433: Blockchains, Cryptocurrencies, and Smart Contracts",[{' CR': 'https://classes.cornell.edu/browse/roster/SP22/class/CS/5433'}]
5435: Security and Privacy Concepts in the Wild,[{' CR': 'https://classes.cornell.edu/browse/roster/FA21/class/CS/5435'}]
5436: Privacy in the Digital Age,[{' CR': 'https://classes.cornell.edu/browse/roster/SP22/class/CS/5436'}]
5439: Practicum in Computer Security,"[{'Fall 18': 'https://github.com/cornelltech/CS5439-Fall2018', ' CR': 'https://classes.cornell.edu/browse/roster/FA18/class/CS/5439'}]"
5450: Networked and Distributed Systems,"[{' CR': 'https://classes.cornell.edu/browse/roster/SP20/class/CS/5450', 'Fall 18': 'https://pages.github.coecis.cornell.edu/cs5450/website/'}]"
5620: Introduction to Computer Graphics,"[{'Fall 19': 'http://www.cs.cornell.edu/courses/CS5620/2019fa/', ' CR': 'https://classes.cornell.edu/browse/roster/FA21/class/CS/5620', 'Fall 20': 'http://www.cs.cornell.edu/courses/CS5620/2020fa/', 'Fall 21': 'http://www.cs.cornell.edu/courses/CS5620/2021fa/'}]"
5621: Computer Graphics Practicum,"[{'Fall 19': 'http://www.cs.cornell.edu/courses/CS5621/2019fa/', ' CR': 'https://classes.cornell.edu/browse/roster/FA21/class/CS/5621', 'Fall 20': 'http://www.cs.cornell.edu/courses/CS5621/2020fa/'}]"
5625: Interactive Computer Graphics,"[{'Spring 20': 'http://www.cs.cornell.edu/courses/CS5625/2020sp/', ' CR': 'https://classes.cornell.edu/browse/roster/SP22/class/CS/5625'}]"
5650: Virtual and Augmented Reality,[{' CR': 'https://classes.cornell.edu/browse/roster/FA21/class/CS/5650'}]
5660: Signal Processing,[{' CR': 'https://classes.cornell.edu/browse/roster/FA16/class/CS/5660'}]
5670: Introduction to Computer Vision,"[{'Spring 21': 'http://www.cs.cornell.edu/courses/CS5670/2021sp/', ' CR': 'https://classes.cornell.edu/browse/roster/SP22/class/CS/5670'}]"
5678: Topics in Mixed Reality,[{' CR': 'https://classes.cornell.edu/browse/roster/SP22/class/CS/5678'}]
5682: HCI and Design,"[{'Fall 19': 'http://www.cs.cornell.edu/courses/CS5682/2019fa/', ' CR': 'https://classes.cornell.edu/browse/roster/FA21/class/CS/5682', 'Fall 20': 'http://www.cs.cornell.edu/courses/CS5682/2020fa/', 'Fall 21': 'http://www.cs.cornell.edu/courses/CS5682/2021fa/'}]"
5700: Foundations of Artificial Intelligence,"[{'Fall 21': 'http://www.cs.cornell.edu/courses/CS5700/2021fa/', ' CR': 'https://classes.cornell.edu/browse/roster/SP22/class/CS/5700'}]"
5701: Practicum in Artificial Intelligence,[{' CR': 'https://classes.cornell.edu/browse/roster/FA21/class/CS/5701'}]
5726: Inference and Decision Making,[{' CR': 'https://classes.cornell.edu/browse/roster/SP22/class/CS/5726'}]
5727: Optimization Methods,[{' CR': 'https://classes.cornell.edu/browse/roster/FA21/class/CS/5727'}]
5740: Natural Language Processing,"[{'Spring 21': 'http://www.cs.cornell.edu/courses/CS5740/2021sp/', ' CR': 'https://classes.cornell.edu/browse/roster/FA21/class/CS/5740'}]"
5750: Foundations of Robotics,"[{'Fall 17': 'http://www.cs.cornell.edu/courses/CS5750/2017fa/', ' CR': 'https://classes.cornell.edu/browse/roster/FA21/class/CS/5750', 'Fall 18': 'http://www.cs.cornell.edu/courses/CS4750/2018fa/', 'Fall 21': 'http://www.cs.cornell.edu/courses/CS5750/2021fa/'}]"
5758: Autonomous Mobile Robots,[{' CR': 'https://classes.cornell.edu/browse/roster/SP22/class/CS/5758'}]
5780: Introduction to Machine Learning,"[{'Spring 21': 'http://www.cs.cornell.edu/courses/CS5780/2021sp/', ' CR': 'https://classes.cornell.edu/browse/roster/SP22/class/CS/5780', 'Fall 21': 'http://www.cs.cornell.edu/courses/CS5780/2021fa/'}]"
5781: Machine Learning Engineering,[{' CR': 'https://classes.cornell.edu/browse/roster/FA21/class/CS/5781'}]
5783: Mathematical Foundations of Machine Learning,[{' CR': 'https://classes.cornell.edu/browse/roster/SP22/class/CS/5783'}]
5785: Applied Machine Learning,[{' CR': 'https://classes.cornell.edu/browse/roster/FA21/class/CS/5785'}]
5786: Machine Learning for Data Science,[{' CR': 'https://classes.cornell.edu/browse/roster/SP20/class/CS/5786'}]
5787: Deep Learning,[{' CR': 'https://classes.cornell.edu/browse/roster/SP22/class/CS/5787'}]
5789: Introduction to Reinforcement Learning,[{' CR': 'https://classes.cornell.edu/browse/roster/SP22/class/CS/5789'}]
5820: Introduction to Analysis of Algorithms,[{' CR': 'https://classes.cornell.edu/browse/roster/SP22/class/CS/5820'}]
5830: Cryptography,[{' CR': 'https://classes.cornell.edu/browse/roster/SP22/class/CS/5830'}]
5831: Security Protocols and Privacy,[{}]
5846: Decision Theory I,"[{'Spring 17': 'http://www.cs.cornell.edu/courses/CS5846/2017sp/', ' CR': 'https://classes.cornell.edu/browse/roster/SP21/class/CS/5846', 'Spring 21': 'http://www.cs.cornell.edu/courses/CS5846/2021sp/'}]"
5850: Mathematical Foundations for the Information Age,[{' CR': 'https://classes.cornell.edu/browse/roster/SP22/class/CS/5850'}]
5854: Networks and Markets,[{' CR': 'https://classes.cornell.edu/browse/roster/SP21/class/CS/5854'}]
5998: Master of Engineering Internship,[{' CR': 'https://classes.cornell.edu/browse/roster/SP22/class/CS/5998'}]
5999: Master of Engineering Project,[{' CR': 'https://classes.cornell.edu/browse/roster/SP22/class/CS/5999'}]
6110: Advanced Programming Languages,"[{'Spring 21': 'http://www.cs.cornell.edu/courses/CS6110/2021sp/', ' CR': 'https://classes.cornell.edu/browse/roster/SP22/class/CS/6110'}]"
6113: Language-Based Security,"[{'Fall 18': 'http://www.cs.cornell.edu/courses/CS6113/2018fa/', ' CR': 'https://classes.cornell.edu/browse/roster/FA18/class/CS/6113'}]"
6114: Software-Defined Networking,"[{'Fall 19': 'http://www.cs.cornell.edu/courses/CS6114/2019fa/', ' CR': 'https://classes.cornell.edu/browse/roster/FA21/class/CS/6114', 'Spring 21': 'http://www.cs.cornell.edu/courses/CS6114/2021sp/', 'Fall 21': 'http://www.cs.cornell.edu/courses/CS6114/2021fa/'}]"
6115: Certified Software Systems,"[{'Fall 17': 'http://www.cs.cornell.edu/courses/CS6115/2017fa/', ' CR': 'https://classes.cornell.edu/browse/roster/FA17/class/CS/6115'}]"
6117: Category Theory for Computer Scientists,"[{'Spring 18': 'http://www.cs.cornell.edu/courses/CS6117/2018sp/', ' CR': 'https://classes.cornell.edu/browse/roster/SP20/class/CS/6117', 'Spring 20': 'http://www.cs.cornell.edu/courses/CS6117/2020sp/'}]"
6120: Advanced Compilers,"[{'Fall 19': 'http://www.cs.cornell.edu/courses/CS6120/2019fa/', ' CR': 'https://classes.cornell.edu/browse/roster/SP22/class/CS/6120', 'Fall 20': 'http://www.cs.cornell.edu/courses/CS6120/2020fa/'}]"
6156: Runtime Verification,"[{'Fall 20': 'http://www.cs.cornell.edu/courses/CS6156/2020fa/', ' CR': 'https://classes.cornell.edu/browse/roster/SP22/class/CS/6156'}]"
6172: Program Synthesis,[{' CR': 'https://classes.cornell.edu/browse/roster/FA21/class/CS/6172'}]
6180: Introduction to Constructive Type Theory,"[{'Fall 17': 'http://www.cs.cornell.edu/courses/CS6180/2017fa/', ' CR': 'https://classes.cornell.edu/browse/roster/FA17/class/CS/6180'}]"
6182: Foundations of Probabilistic Programming,"[{'Fall 21': 'http://www.cs.cornell.edu/courses/CS6182/2021fa/', ' CR': 'https://classes.cornell.edu/browse/roster/FA21/class/CS/6182'}]"
6210: Matrix Computations,"[{'Fall 19': 'http://www.cs.cornell.edu/courses/CS6210/2019fa/', ' CR': 'https://classes.cornell.edu/browse/roster/SP22/class/CS/6210', 'Fall 20': 'http://www.cs.cornell.edu/courses/CS6210/2020fa/'}]"
6220: Data-Sparse Matrix Computations,"[{'Fall 17': 'http://www.cs.cornell.edu/courses/CS6220/2017fa/', ' CR': 'https://classes.cornell.edu/browse/roster/SP21/class/CS/6220', 'Spring 20': 'http://www.cs.cornell.edu/courses/CS6220/2020sp/', 'Spring 21': 'http://www.cs.cornell.edu/courses/CS6220/2021sp/'}]"
6241: Numerical Methods for Data Science,"[{'Spring 19': 'http://www.cs.cornell.edu/courses/CS6241/2019sp/', ' CR': 'https://classes.cornell.edu/browse/roster/SP21/class/CS/6241', 'Spring 20': 'http://www.cs.cornell.edu/courses/CS6241/2020sp/', 'Spring 21': 'http://www.cs.cornell.edu/courses/CS6241/2021sp/'}]"
6320: Advanced Database Systems,"[{'Spring 19': 'http://www.cs.cornell.edu/courses/CS6320/2019sp/', ' CR': 'https://classes.cornell.edu/browse/roster/SP21/class/CS/6320', 'Spring 20': 'http://www.cs.cornell.edu/courses/CS6320/2020sp/', 'Spring 21': 'http://www.cs.cornell.edu/courses/CS6320/2021sp/'}]"
6360: Educational Technology,"[{'Fall 16': 'http://www.cs.cornell.edu/courses/CS6360/2016fa/', ' CR': 'https://classes.cornell.edu/browse/roster/SP19/class/CS/6360', 'Spring 19': 'http://www.cs.cornell.edu/courses/CS6360/2019sp/'}]"
6382: Data Science for Social Change,[{' CR': 'https://classes.cornell.edu/browse/roster/SP22/class/CS/6382'}]
6410: Advanced Systems,"[{'Fall 19': 'http://www.cs.cornell.edu/courses/CS6410/2019fa/', ' CR': 'https://classes.cornell.edu/browse/roster/FA21/class/CS/6410', 'Fall 21': 'http://www.cs.cornell.edu/courses/CS6410/2021fa/'}]"
6411: Systems Principles,"[{'Spring 18': 'http://www.cs.cornell.edu/courses/CS6411/2018sp/', ' CR': 'https://classes.cornell.edu/browse/roster/SP18/class/CS/6411'}]"
6431: Security and Privacy Technologies,[{' CR': 'https://classes.cornell.edu/browse/roster/FA21/class/CS/6431'}]
6450: Advanced Computer Networking,"[{'Fall 18': 'http://www.cs.cornell.edu/courses/CS6450/2018fa/', ' CR': 'https://classes.cornell.edu/browse/roster/FA21/class/CS/6450', 'Fall 19': 'http://www.cs.cornell.edu/courses/CS6450/2019fa/'}]"
6465: Emerging Cloud Technologies and Systems Challenges,"[{'Fall 17': 'http://www.cs.cornell.edu/courses/CS6465/2017fa/', ' CR': 'https://classes.cornell.edu/browse/roster/FA19/class/CS/6465', 'Fall 18': 'http://www.cs.cornell.edu/courses/CS6465/2018fa/', 'Fall 19': 'http://www.cs.cornell.edu/courses/CS6465/2019fa/'}]"
6466: Cryptocurrencies and Smart Contracts,"[{'Spring 18': 'http://www.cs.cornell.edu/courses/CS6466/2018sp/', ' CR': 'https://classes.cornell.edu/browse/roster/FA19/class/CS/6466'}]"
6480: Systems Software and Formal Methods,"[{'Spring 20': 'http://www.cs.cornell.edu/courses/CS6480/2020sp/', ' CR': 'https://classes.cornell.edu/browse/roster/SP20/class/CS/6480'}]"
6670: Computer Vision,"[{'Fall 18': 'http://www.cs.cornell.edu/courses/CS6670/2018fa/', ' CR': 'https://classes.cornell.edu/browse/roster/FA21/class/CS/6670', 'Fall 19': 'http://www.cs.cornell.edu/courses/CS6670/2019fa/', 'Fall 21': 'http://www.cs.cornell.edu/courses/CS6670/2021fa/'}]"
6682: Computation for Content Creation,"[{'Spring 21': 'http://www.cs.cornell.edu/courses/CS6682/2021sp/', ' CR': 'https://classes.cornell.edu/browse/roster/SP22/class/CS/6682'}]"
6700: Advanced Artificial Intelligence,"[{' CR': 'https://classes.cornell.edu/browse/roster/SP21/class/CS/6700', 'Spring 20': 'http://www.cs.cornell.edu/courses/CS6700/2020sp/', 'Spring 21': 'http://www.cs.cornell.edu/courses/CS6700/2021sp/'}]"
6740: Advanced Language Technologies,"[{'Fall 19': 'http://www.cs.cornell.edu/courses/CS6740/2019fa/', ' CR': 'https://classes.cornell.edu/browse/roster/SP22/class/CS/6740'}]"
6741: Topics in Natural Language Processing and Machine Learning,"[{'Fall 21': 'http://www.cs.cornell.edu/courses/CS6741/2021fa/', ' CR': 'https://classes.cornell.edu/browse/roster/SP22/class/CS/6741'}]"
6742: Natural Language Processing and Social Interaction,"[{'Fall 18': 'http://www.cs.cornell.edu/courses/CS6742/2018fa/', ' CR': 'https://classes.cornell.edu/browse/roster/FA21/class/CS/6742', 'Fall 19': 'http://www.cs.cornell.edu/courses/CS6742/2019fa/', 'Fall 21': 'http://www.cs.cornell.edu/courses/CS6742/2021fa/'}]"
6751: Robot Manipulation,"[{' CR': 'https://classes.cornell.edu/browse/roster/SP22/class/CS/6751', 'Spring 18': 'http://www.cs.cornell.edu/courses/CS6751/2018sp/'}]"
6752: Formal Methods for Robotics,[{' CR': 'https://classes.cornell.edu/browse/roster/FA21/class/CS/6752'}]
6764: Reasoning about Knowledge,"[{'Fall 18': 'http://www.cs.cornell.edu/courses/CS6764/2018fa/', ' CR': 'https://classes.cornell.edu/browse/roster/SP22/class/CS/6764'}]"
6780: Advanced Machine Learning,"[{'Spring 19': 'http://www.cs.cornell.edu/courses/CS6780/2019sp/', ' CR': 'https://classes.cornell.edu/browse/roster/SP19/class/CS/6780'}]"
6781: Theoretical Foundations of Machine Learning,"[{'Spring 20': 'http://www.cs.cornell.edu/courses/CS6781/2020sp/', ' CR': 'https://classes.cornell.edu/browse/roster/SP20/class/CS/6781'}]"
6783: Machine Learning Theory,"[{'Fall 18': 'http://www.cs.cornell.edu/courses/CS6783/2018fa/', ' CR': 'https://classes.cornell.edu/browse/roster/FA21/class/CS/6783', 'Fall 19': 'http://www.cs.cornell.edu/courses/CS6783/2019fa/', 'Fall 21': 'http://www.cs.cornell.edu/courses/CS6783/2021fa/'}]"
6784: Advanced Topics in Machine Learning,[{' CR': 'https://classes.cornell.edu/browse/roster/SP22/class/CS/6784'}]
6785: Deep Probabilistic and Generative Models,[{' CR': 'https://classes.cornell.edu/browse/roster/SP22/class/CS/6785'}]
6787: Advanced Machine Learning Systems,"[{'Fall 19': 'http://www.cs.cornell.edu/courses/CS6787/2019fa/', ' CR': 'https://classes.cornell.edu/browse/roster/FA21/class/CS/6787', 'Fall 20': 'http://www.cs.cornell.edu/courses/CS6787/2020fa/', 'Fall 21': 'http://www.cs.cornell.edu/courses/CS6787/2021fa/'}]"
6788: Advanced Topic Modeling,"[{'Fall 18': 'https://mimno.infosci.cornell.edu/info6150/', ' CR': 'https://classes.cornell.edu/browse/roster/SP22/class/CS/6788'}]"
6789: Foundations of Reinforcement Learning,[{' CR': 'https://classes.cornell.edu/browse/roster/FA21/class/CS/6789'}]
"6802: Lattices: Geometry, Cryptography, and Algorithms",[{' CR': 'https://classes.cornell.edu/browse/roster/FA21/class/CS/6802'}]
6810: Theory of Computing,"[{'Spring 17': 'http://www.cs.cornell.edu/courses/CS6810/2017sp/', ' CR': 'https://classes.cornell.edu/browse/roster/FA21/class/CS/6810', 'Fall 21': 'http://www.cs.cornell.edu/courses/CS6810/2021fa/'}]"
6815: Pseudorandomness and Combinatorial Constructions,"[{'Fall 18': 'http://www.cs.cornell.edu/courses/CS6815/2018fa/', ' CR': 'https://classes.cornell.edu/browse/roster/FA19/class/CS/6815', 'Fall 19': 'http://www.cs.cornell.edu/courses/CS6815/2019fa/'}]"
6817: Special Topics in Complexity Theory,"[{'Fall 20': 'http://www.cs.cornell.edu/courses/CS6817/2020fa/', ' CR': 'https://classes.cornell.edu/browse/roster/FA20/class/CS/6817'}]"
6820: Analysis of Algorithms,"[{'Fall 20': 'http://www.cs.cornell.edu/courses/CS6820/2020fa/', ' CR': 'https://classes.cornell.edu/browse/roster/FA21/class/CS/6820', 'Fall 21': 'http://www.cs.cornell.edu/courses/CS6820/2021fa/'}]"
6840: Algorithmic Game Theory,"[{'Spring 17': 'http://www.cs.cornell.edu/courses/CS6840/2017sp/', ' CR': 'https://classes.cornell.edu/browse/roster/SP20/class/CS/6840', 'Spring 20': 'http://www.cs.cornell.edu/courses/CS6840/2020sp/'}]"
6850: The Structure of Information Networks,"[{'Spring 17': 'http://www.cs.cornell.edu/courses/CS6850/2017sp/', ' CR': 'https://classes.cornell.edu/browse/roster/FA21/class/CS/6850', 'Spring 18': 'http://www.cs.cornell.edu/courses/CS6850/2018sp/', 'Fall 21': 'http://www.cs.cornell.edu/courses/CS6850/2021fa/'}]"
6860: Logics of Programs,"[{'Spring 19': 'http://www.cs.cornell.edu/courses/CS6860/2019sp/', ' CR': 'https://classes.cornell.edu/browse/roster/SP21/class/CS/6860', 'Spring 21': 'http://www.cs.cornell.edu/courses/CS6860/2021sp/'}]"
6861: Introduction to Kleene Algebra,"[{'Spring 18': 'http://www.cs.cornell.edu/courses/CS6861/2018sp/', ' CR': 'https://classes.cornell.edu/browse/roster/FA19/class/CS/6861', 'Fall 19': 'http://www.cs.cornell.edu/courses/CS6861/2019fa/'}]"
7090: Computer Science Colloquium,"[{'Spring 21': 'http://www.cs.cornell.edu/courses/CS7090/2021sp/', ' CR': 'https://classes.cornell.edu/browse/roster/SP22/class/CS/7090', 'Fall 21': 'http://www.cs.cornell.edu/courses/CS7090/2021fa/'}]"
7190: Seminar in Programming Languages,"[{'Spring 21': 'http://www.cs.cornell.edu/courses/CS7190/2021sp/', ' CR': 'https://classes.cornell.edu/browse/roster/SP22/class/CS/7190', 'Fall 21': 'http://www.cs.cornell.edu/courses/CS7190/2021fa/'}]"
7194: Great Works in Programming Languages,"[{'Spring 19': 'http://www.cs.cornell.edu/courses/CS7194/2019sp/', ' CR': 'https://classes.cornell.edu/browse/roster/SP22/class/CS/7194'}]"
7290: Seminar on Scientific Computing and Numerics,"[{'Spring 21': 'http://www.cs.cornell.edu/courses/CS7290/2021sp/', ' CR': 'https://classes.cornell.edu/browse/roster/SP22/class/CS/7290', 'Fall 21': 'http://www.cs.cornell.edu/courses/CS7290/2021fa/'}]"
7390: Database Seminar,"[{'Fall 20': 'http://www.cs.cornell.edu/courses/CS7390/2020fa/', ' CR': 'https://classes.cornell.edu/browse/roster/SP22/class/CS/7390', 'Fall 21': 'http://www.cs.cornell.edu/courses/CS7390/2021fa/'}]"
7420: Special Topics in Computer Systems,[{' CR': 'https://classes.cornell.edu/browse/roster/SP22/class/CS/7420'}]
7450: Computer Networks a Decade from Now,[{' CR': 'https://classes.cornell.edu/browse/roster/FA20/class/CS/7450'}]
7490: Systems Research Seminar,"[{'Spring 21': 'http://www.cs.cornell.edu/courses/CS7490/2021sp/', ' CR': 'https://classes.cornell.edu/browse/roster/SP22/class/CS/7490', 'Fall 21': 'http://www.cs.cornell.edu/courses/CS7490/2021fa/'}]"
7491: The Great Instruction Set Architectures,"[{'Spring 20': 'http://www.cs.cornell.edu/courses/CS7491/2020sp/', ' CR': 'https://classes.cornell.edu/browse/roster/SP20/class/CS/7491'}]"
7492: Special Topics in Computer Systems,[{' CR': 'https://classes.cornell.edu/browse/roster/FA20/class/CS/7492'}]
7493: Computer Security Seminar,[{' CR': 'https://classes.cornell.edu/browse/roster/FA21/class/CS/7493'}]
7620: Special Topics in Computer Graphics,"[{' CR': 'https://classes.cornell.edu/browse/roster/FA21/class/CS/7620', 'Fall 21': 'http://www.cs.cornell.edu/courses/CS7620/2021fa/'}]"
7690: Computer Graphics and Vision Seminar,"[{'Spring 21': 'http://www.cs.cornell.edu/courses/CS7690/2021sp/', ' CR': 'https://classes.cornell.edu/browse/roster/SP22/class/CS/7690', 'Fall 21': 'http://www.cs.cornell.edu/courses/CS7690/2021fa/'}]"
7740: Special Topics in Natural Language Processing,[{' CR': 'https://classes.cornell.edu/browse/roster/SP20/class/CS/7740'}]
7790: Seminar in Artificial Intelligence,"[{'Spring 21': 'http://www.cs.cornell.edu/courses/CS7790/2021sp/', ' CR': 'https://classes.cornell.edu/browse/roster/SP22/class/CS/7790', 'Fall 21': 'http://www.cs.cornell.edu/courses/CS7790/2021fa/'}]"
7792: Special Topics in Machine Learning,"[{'Spring 20': 'http://www.cs.cornell.edu/courses/CS7792/2020sp/', ' CR': 'https://classes.cornell.edu/browse/roster/FA21/class/CS/7792', 'Fall 21': 'http://www.cs.cornell.edu/courses/CS7792/2021fa/'}]"
7794: Seminar in Natural Language Understanding,"[{'Fall 21': 'http://www.cs.cornell.edu/courses/CS7794/2021fa/', ' CR': 'https://classes.cornell.edu/browse/roster/SP22/class/CS/7794'}]"
7796: Robotics Seminar,"[{'Fall 19': 'http://robotics.cornell.edu/seminar/', ' CR': 'https://classes.cornell.edu/browse/roster/SP22/class/CS/7796', 'Fall 21': 'http://www.cs.cornell.edu/courses/CS7796/2021fa/'}]"
7822: Special Topics in Algorithms,[{' CR': 'https://classes.cornell.edu/browse/roster/SP20/class/CS/7822'}]
7850: Seminar on Information Networks,"[{'Fall 20': 'http://www.cs.cornell.edu/courses/CS7850/2020fa/', ' CR': 'https://classes.cornell.edu/browse/roster/FA20/class/CS/7850'}]"
7890: Seminar in Theory of Algorithms and Computing,"[{'Spring 21': 'http://www.cs.cornell.edu/courses/CS7890/2021sp/', ' CR': 'https://classes.cornell.edu/browse/roster/SP22/class/CS/7890', 'Fall 21': 'http://www.cs.cornell.edu/courses/CS7890/2021fa/'}]"
7893: Cryptography Seminar,[{' CR': 'https://classes.cornell.edu/browse/roster/FA20/class/CS/7893'}]
7999: Independent Research,[{' CR': 'https://classes.cornell.edu/browse/roster/SP22/class/CS/7999'}]
